name,id,pinyin
浦发银行,600000,pǔ fā yín háng
白云机场,600004,bái yún jī chán
武钢股份,600005,wǔ 括n 括 bīn
东风汽车,600006,dōn fēn 括i chē
中国国贸,600007,zhōn uó uó mào
首创股份,600008,shǒu chuān 括 bīn
上海机场,600009,shǎn hǎi jī chán
包钢股份,600010,bāo 括n 括 bīn
华能国际,600011,huá nái uó jì
皖通高速,600012,huàn tōng 括o sù
华夏银行,600015,huá jiǎ yín háng
民生银行,600016,mín shēn yín háng
日照港,600017,rì zhào 括n
上港集团,600018,shǎn 括n jí qiú
宝钢股份,600019,bǎo 括n 括 bīn
中原高速,600020,zhōn yuán 括o sù
上海电力,600021,shǎn hǎi diàn lì/li
济南钢铁,600022,jǐ nā 括n tiě
中海发展,600026,zhōn hǎi fā zhǎn
华电国际,600027,huá diàn uó jì
中国石化,600028,zhōn uó dàn huā
南方航空,600029,nā fān hán kōn
中信证券,600030,zhōn shēn zhèn quàn
三一重工,600031,sān yī chón 括n
福建高速,600033,fú jiàn 括o sù
楚天高速,600035,chǔ tiān 括o sù
招商银行,600036,qiáo shān yín háng
歌华有线,600037,括 huá wěi xiàn
哈飞股份,600038,hā fēi 括 bīn
四川路桥,600039,sì chuān lù qiáo
保利地产,600048,bǎo lì de chǎn
中国联通,600050,zhōn uó lián tōng
宁波联合,600051,nín bēi lián 括
浙江广厦,600052,zhè jiān ān shà
中江地产,600053,zhōn jiān de chǎn
黄山旅游,600054,huán shān lǚ liú
万东医疗,600055,mò dōn yī liáo
中国医药,600056,zhōn uó yī yào
五矿发展,600058,wǔ kuàn fā zhǎn
古越龙山,600059,括 huó lón shān
海信电器,600060,hǎi shēn diàn qì
中纺投资,600061,zhōn fǎn dòu zī
双鹤药业,600062,shuān hè yào yè
皖维高新,600063,huàn wéi 括o xīn
南京高科,600064,nā jīn 括o kē
宇通客车,600066,yǔ tōng kè chē
冠城大通,600067,uān chén dà tōng
葛洲坝,600068,括 zhōu bà
银鸽投资,600069,yín 括 dòu zī
浙江富润,600070,zhè jiān fù rùn
凤凰光学,600071,fèn huán uān xué
中船股份,600072,zhōn chuán 括 bīn
上海梅林,600073,shǎn hǎi méi lín
中达股份,600074,zhōn dá 括 bīn
新疆天业,600075,xīn jiān tiān yè
ST华光,600076,S T huá uān
*ST百科,600077,* S T bǎi kē
澄星股份,600078,chén xīng 括 bīn
人福医药,600079,rén fú yī yào
*ST金花,600080,* S T jīn huā
东风科技,600081,dōn fēn kē jì
海泰发展,600082,hǎi tài fā zhǎn
*ST博信,600083,* S T bó shēn
*ST中葡,600084,* S T zhōn bèi
同仁堂,600085,tóng rén tán
东方金钰,600086,dōn fān jīn yù
长航油运,600087,chán hán yóu yǔn
中视传媒,600088,zhōn shì chuán méi
特变电工,600089,tè biàn diàn 括n
啤酒花,600090,pí jiǔ huā
*ST明科,600091,* S T mèn kē
禾嘉股份,600093,hé jiā 括 bīn
哈高科,600095,hā 括o kē
云天化,600096,yún tiān huā
开创国际,600097,kāi chuān uó jì
广州控股,600098,ān zhōu kōn 括
林海股份,600099,lín hǎi 括 bīn
同方股份,600100,tóng fān 括 bīn
明星电力,600101,mèn xīng diàn lì/li
莱钢股份,600102,lái 括n 括 bīn
青山纸业,600103,jīn shān zhǐ yè
上海汽车,600104,shǎn hǎi 括i chē
永鼎股份,600105,yǒng dǐn 括 bīn
重庆路桥,600106,chón qìng lù qiáo
美尔雅,600107,měi ěr yā
亚盛集团,600108,yà chén jí qiú
国金证券,600109,uó jīn zhèn quàn
中科英华,600110,zhōn kē yān huá
包钢稀土,600111,bāo 括n xī chǎ
长征电气,600112,chán zhēn diàn qǐ
浙江东日,600113,zhè jiān dōn rì
东睦股份,600114,dōn mù 括 bīn
东方航空,600115,dōn fān hán kōn
三峡水利,600116,sān xiá shuǐ lì
西宁特钢,600117,xī nín tè 括n
中国卫星,600118,zhōn uó wèi xīng
长江投资,600119,chán jiān dòu zī
浙江东方,600120,zhè jiān dōn fān
郑州煤电,600121,zhèn zhōu méi diàn
宏图高科,600122,hón tú 括o kē
兰花科创,600123,lán huā kē chuān
铁龙物流,600125,tiě lón wù liú
杭钢股份,600126,hán 括n 括 bīn
金健米业,600127,jīn jiàn mǐ yè
弘业股份,600128,hón yè 括 bīn
太极集团,600129,tā jí jí qiú
ST波导,600130,S T bēi dǎo
*ST岷电,600131,* S T mín diàn
重庆啤酒,600132,chón qìng pí jiǔ
东湖高新,600133,dōn hú 括o xīn
乐凯胶片,600135,lè kǎi jiāo pàn
道博股份,600136,dǎo bó 括 bīn
浪莎股份,600137,làng shā 括 bīn
中青旅,600138,zhōn jīn lǚ
西部资源,600139,xī bù zī yuán
兴发集团,600141,xīng fā jí qiú
金发科技,600143,jīn fā kē jì
*ST四维,600145,* S T sì wéi
大元股份,600146,dà yuán 括 bīn
长春一东,600148,chán chūn yī dōn
*ST建通,600149,* S T jiàn tōng
中国船舶,600150,zhōn uó chuán bó
航天机电,600151,hán tiān jī diàn
维科精华,600152,wéi kē jīng huá
建发股份,600153,jiàn fā 括 bīn
*ST宝硕,600155,* S T bǎo shuò
华升股份,600156,huá shēn 括 bīn
永泰能源,600157,yǒng tài nái yuán
中体产业,600158,zhōn bèn chǎn yè
大龙地产,600159,dà lón de chǎn
巨化股份,600160,jù huā 括 bīn
天坛生物,600161,tiān tán shēn wù
香江控股,600162,xiān jiān kōn 括
福建南纸,600163,fú jiàn nā zhǐ
宁夏恒力,600165,nín jiǎ hén lì/li
福田汽车,600166,fú tián 括i chē
联美控股,600167,lián měi kōn 括
武汉控股,600168,wǔ hàn kōn 括
太原重工,600169,tā yuán chón 括n
上海建工,600170,shǎn hǎi jiàn 括n
上海贝岭,600171,shǎn hǎi bèi lín
黄河旋风,600172,huán hé xuán fēn
卧龙地产,600173,wò lón de chǎn
美都控股,600175,měi dōu/dū kōn 括
中国玻纤,600176,zhōn uó bō qiàn
雅戈尔,600177,yā 括 ěr
东安动力,600178,dōn ān dòn lì/li
*ST黑化,600179,* S T hēi huā
*ST九发,600180,* S T jiū fā
S佳通,600182,S jiā tōng
生益科技,600183,shēn yì kē jì
光电股份,600184,uān diàn 括 bīn
格力地产,600185,括 lì/li de chǎn
莲花味精,600186,lián huā mèi jīng
国中水务,600187,uó zhōn shuǐ wù
兖州煤业,600188,yǎn zhōu méi yè
吉林森工,600189,jí lín sēn 括n
锦州港,600190,jǐn zhōu 括n
华资实业,600191,huá zī shí yè
长城电工,600192,chán chén diàn 括n
创兴置业,600193,chuān xīng zhì yè
中牧股份,600195,zhōn mù 括 bīn
复星医药,600196,fù xīng yī yào
伊力特,600197,yī lì/li tè
大唐电信,600198,dà tán diàn shēn
金种子酒,600199,jīn chón zǐ jiǔ
江苏吴中,600200,jiān sū tun zhōn
金宇集团,600201,jīn yǔ jí qiú
哈空调,600202,hā kōn diào
*ST福日,600203,* S T fú rì
有研硅股,600206,wěi xíng uī 括
ST安彩,600207,S T ān cǎi
新湖中宝,600208,xīn hú zhōn bǎo
*ST罗顿,600209,* S T luō dú
紫江企业,600210,zǐ jiān qǐ yè
西藏药业,600211,xī cán yào yè
江泉实业,600212,jiān quán shí yè
亚星客车,600213,yà xīng kè chē
长春经开,600215,chán chūn jīn kāi
浙江医药,600216,zhè jiān yī yào
*ST秦岭,600217,* S T qín lín
全柴动力,600218,quán chái dòn lì/li
南山铝业,600219,nā shān lǚ yè
江苏阳光,600220,jiān sū yán uān
海南航空,600221,hǎi nā hán kōn
太龙药业,600222,tā lón yào yè
鲁商置业,600223,lǔ shān zhì yè
天津松江,600225,tiān jīn sōng jiān
升华拜克,600226,shēn huá bài kè
赤天化,600227,chì tiān huā
昌九生化,600228,chān jiū shēn huā
青岛碱业,600229,jīn dǎo jiǎn yè
沧州大化,600230,cān zhōu dà huā
凌钢股份,600231,líng 括n 括 bīn
金鹰股份,600232,jīn yīng 括 bīn
大杨创世,600233,dà yán chuān shì
ST天龙,600234,S T tiān lón
民丰特纸,600235,mín fēn tè zhǐ
桂冠电力,600236,uī uān diàn lì/li
铜峰电子,600237,tóng fēn diàn zǐ
海南椰岛,600238,hǎi nā yē dǎo
云南城投,600239,yún nā chén dòu
华业地产,600240,huá yè de chǎn
时代万恒,600241,shí dài mò hén
ST华龙,600242,S T huá lón
青海华鼎,600243,jīn hǎi huá dǐn
万通地产,600246,mò tōng de chǎn
成城股份,600247,chén chén 括 bīn
延长化建,600248,yán chán huā jiàn
两面针,600249,liǎn miàn zhēn
南纺股份,600250,nā fǎn 括 bīn
冠农股份,600251,uān nón 括 bīn
中恒集团,600252,zhōn hén jí qiú
天方药业,600253,tiān fān yào yè
鑫科材料,600255,xīn kē cái liào
广汇股份,600256,ān huì 括 bīn
大湖股份,600257,dà hú 括 bīn
首旅股份,600258,shǒu lǚ 括 bīn
广晟有色,600259,ān chén wěi sè
凯乐科技,600260,kǎi lè kē jì
阳光照明,600261,yán uān zhào mèn
北方股份,600262,běi fān 括 bīn
路桥建设,600263,lù qiáo jiàn shè
景谷林业,600265,jǐn 括 lín yè
北京城建,600266,běi jīn chén jiàn
海正药业,600267,hǎi zhēn yào yè
国电南自,600268,uó diàn nā zì
赣粤高速,600269,括n yuè 括o sù
外运发展,600270,wài yǔn fā zhǎn
航天信息,600271,hán tiān shēn xī
开开实业,600272,kāi kāi shí yè
华芳纺织,600273,huá fān fǎn zhī
ST昌鱼,600275,S T chān yú
恒瑞医药,600276,hén ruì yī yào
亿利能源,600277,yì lì nái yuán
东方创业,600278,dōn fān chuān yè
重庆港九,600279,chón qìng 括n jiū
南京中商,600280,nā jīn zhōn shān
太化股份,600281,tā huā 括 bīn
南钢股份,600282,nā 括n 括 bīn
钱江水利,600283,qián jiān shuǐ lì
浦东建设,600284,pǔ dōn jiàn shè
羚锐制药,600285,líng ruì zhì yào
江苏舜天,600287,jiān sū shùn tiān
大恒科技,600288,dà hén kē jì
亿阳信通,600289,yì yán shēn tōng
华仪电气,600290,huá yí diàn qǐ
西水股份,600291,xī shuǐ 括 bīn
九龙电力,600292,jiū lón diàn lì/li
三峡新材,600293,sān xiá xīn cái
鄂尔多斯,600295,è ěr duō shǐ
美罗药业,600297,měi luō yào yè
安琪酵母,600298,ān qí jiào mú
*ST新材,600299,* S T xīn cái
维维股份,600300,wéi wéi 括 bīn
*ST南化,600301,* S T nā huā
标准股份,600302,biāo zhǔn 括 bīn
曙光股份,600303,shǔ uān 括 bīn
恒顺醋业,600305,hén shùn cù yè
商业城,600306,shān yè chén
酒钢宏兴,600307,jiǔ 括n hón xīng
华泰股份,600308,huá tài 括 bīn
烟台万华,600309,yān sì mò huá
桂东电力,600310,uī dōn diàn lì/li
荣华实业,600311,róng huá shí yè
平高电气,600312,bēn 括o diàn qǐ
上海家化,600315,shǎn hǎi 括 huā
洪都航空,600316,hón dōu/dū hán kōn
营口港,600317,yíng kǒu 括n
巢东股份,600318,cháo dōn 括 bīn
亚星化学,600319,yà xīng huā xué
振华重工,600320,zhēn huá chón 括n
国栋建设,600321,uó dòn jiàn shè
天房发展,600322,tiān fán fā zhǎn
南海发展,600323,nā hǎi fā zhǎn
华发股份,600325,huá fā 括 bīn
西藏天路,600326,xī cán tiān lù
大厦股份,600327,dà shà 括 bīn
兰太实业,600328,lán tā shí yè
中新药业,600329,zhōn xīn yào yè
天通股份,600330,tiān tōng 括 bīn
宏达股份,600331,hón dá 括 bīn
广州药业,600332,ān zhōu yào yè
长春燃气,600333,chán chūn rán qǐ
*ST盛工,600335,* S T chén 括n
澳柯玛,600336,ào kē mǎ
美克股份,600337,měi kè 括 bīn
ST珠峰,600338,S T zhū fēn
天利高新,600339,tiān lì 括o xīn
ST国祥,600340,S T uó xiáng
航天动力,600343,hán tiān dòn lì/li
长江通信,600345,chán jiān tōng shēn
大橡塑,600346,dà xiàn sù
国阳新能,600348,uó yán xīn nái
山东高速,600350,shān dōn 括o sù
亚宝药业,600351,yà bǎo yào yè
浙江龙盛,600352,zhè jiān lón chén
旭光股份,600353,xù uān 括 bīn
敦煌种业,600354,dào huán chón yè
*ST精伦,600355,* S T jīng lún
恒丰纸业,600356,hén fēn zhǐ yè
国旅联合,600358,uó lǚ lián 括
新农开发,600359,xīn nón kāi fā
华微电子,600360,huá wēi diàn zǐ
华联综超,600361,huá lián zèn chāo
江西铜业,600362,jiān xī tóng yè
联创光电,600363,lián chuān uān diàn
*ST通葡,600365,* S T tōng bèi
宁波韵升,600366,nín bēi yùn shēn
红星发展,600367,括n xīng fā zhǎn
五洲交通,600368,wǔ zhōu jiāo tōng
西南证券,600369,xī nā zhèn quàn
三房巷,600370,sān fán hàn
万向德农,600371,mò xiàn dé nón
ST昌河,600372,S T chān hé
*ST鑫新,600373,* S T xīn xīn
星马汽车,600375,xīng mǎ 括i chē
首开股份,600376,shǒu kāi 括 bīn
宁沪高速,600377,nín hù 括o sù
天科股份,600378,tiān kē 括 bīn
宝光股份,600379,bǎo uān 括 bīn
健康元,600380,jiàn kān yuán
ST贤成,600381,S T xián chén
广东明珠,600382,ān dōn mèn zhū
金地集团,600383,jīn de jí qiú
ST金泰,600385,S T jīn tài
北巴传媒,600386,běi bā chuán méi
海越股份,600387,hǎi huó 括 bīn
龙净环保,600388,lón chēn huán bǎo
江山股份,600389,jiān shān 括 bīn
金瑞科技,600390,jīn ruì kē jì
成发科技,600391,chén fā kē jì
太工天成,600392,tā 括n tiān chén
东华实业,600393,dōn huá shí yè
盘江股份,600395,pán jiān 括 bīn
金山股份,600396,jīn shān 括 bīn
安源股份,600397,ān yuán 括 bīn
凯诺科技,600398,kǎi nuò kē jì
抚顺特钢,600399,fǔ shùn tè 括n
红豆股份,600400,括n dòu 括 bīn
大有能源,600403,dà wěi nái yuán
动力源,600405,dòn lì/li yuán
国电南瑞,600406,uó diàn nā ruì
安泰集团,600408,ān tài jí qiú
三友化工,600409,sān yǒu huā 括n
华胜天成,600410,huá qìng tiān chén
小商品城,600415,xiǎo shān pǐn chén
湘电股份,600416,xiān diàn 括 bīn
江淮汽车,600418,jiān huái 括i chē
ST天宏,600419,S T tiān hón
现代制药,600420,xiàn dài zhì yào
ST国药,600421,S T uó yào
昆明制药,600422,hún mèn zhì yào
柳化股份,600423,liǔ huā 括 bīn
青松建化,600425,jīn sōng jiàn huā
华鲁恒升,600426,huá lǔ hén shēn
中远航运,600428,zhōn yuǎn hán yǔn
三元股份,600429,sān yuán 括 bīn
吉恩镍业,600432,jí ēn niè yè
冠豪高新,600433,uān háo 括o xīn
中兵光电,600435,zhōn bīn uān diàn
片仔癀,600436,pàn zǎi huán
通威股份,600438,tōng wēi 括 bīn
瑞贝卡,600439,ruì bèi kǎ
*ST国通,600444,* S T uó tōng
金证股份,600446,jīn zhèn 括 bīn
华纺股份,600448,huá fǎn 括 bīn
赛马实业,600449,sài mǎ shí yè
涪陵电力,600452,fú líng diàn lì/li
*ST博通,600455,* S T bó tōng
宝钛股份,600456,bǎo tài 括 bīn
时代新材,600458,shí dài xīn cái
贵研铂业,600459,uì xíng bó yè
士兰微,600460,shì lán wēi
洪城水业,600461,hón chén shuǐ yè
*ST石岘,600462,* S T dàn xiàn
空港股份,600463,kōn 括n 括 bīn
迪康药业,600466,dí kān yào yè
好当家,600467,hāo dān 括
百利电气,600468,bǎi lì diàn qǐ
风神股份,600469,fēn shén 括 bīn
六国化工,600470,liù/lù uó huā 括n
华光股份,600475,huá uān 括 bīn
湘邮科技,600476,xiān yóu kē jì
杭萧钢构,600477,hán xiāo 括n 括u
科力远,600478,kē lì/li yuǎn
千金药业,600479,qiān jīn yào yè
凌云股份,600480,líng yún 括 bīn
双良节能,600481,shuān liáng jiē nái
风帆股份,600482,fēn fān 括 bīn
福建南纺,600483,fú jiàn nā fǎn
中创信测,600485,zhōn chuān shēn cè
扬农化工,600486,yán nón huā 括n
亨通光电,600487,hēn tōng uān diàn
天药股份,600488,tiān yào 括 bīn
中金黄金,600489,zhōn jīn huán jīn
*ST合臣,600490,* S T 括 chén
龙元建设,600491,lón yuán jiàn shè
凤竹纺织,600493,fèn zhú fǎn zhī
晋西车轴,600495,jìn xī chē zhóu
精工钢构,600496,jīng 括n 括n 括u
驰宏锌锗,600497,chí hón xīn zhě
烽火通信,600498,fēn huō tōng shēn
科达机电,600499,kē dá jī diàn
中化国际,600500,zhōn huā uó jì
航天晨光,600501,hán tiān chén uān
安徽水利,600502,ān huī shuǐ lì
华丽家族,600503,huá lí 括 còu
西昌电力,600505,xī chān diàn lì/li
ST香梨,600506,S T xiān lí
方大特钢,600507,fān dà tè 括n
上海能源,600508,shǎn hǎi nái yuán
天富热电,600509,tiān fù rè diàn
黑牡丹,600510,hēi mǔ dān/dan
国药股份,600511,uó yào 括 bīn
腾达建设,600512,tén dá jiàn shè
联环药业,600513,lián huán yào yè
*ST筑信,600515,* S T zhú shēn
方大炭素,600516,fān dà tàn sù
置信电气,600517,zhì shēn diàn qǐ
康美药业,600518,kān měi yào yè
贵州茅台,600519,uì zhōu máo sì
三佳科技,600520,sān jiā kē jì
华海药业,600521,huá hǎi yào yè
中天科技,600522,zhōn tiān kē jì
贵航股份,600523,uì hán 括 bīn
长园集团,600525,chán wán jí qiú
菲达环保,600526,fēi dá huán bǎo
江南高纤,600527,jiān nā 括o qiàn
中铁二局,600528,zhōn tiě èr jú
山东药玻,600529,shān dōn yào bō
交大昂立,600530,jiāo dà án lì
豫光金铅,600531,shū uān jīn qiān
华阳科技,600532,huá yán kē jì
栖霞建设,600533,qī xiá jiàn shè
天士力,600535,tiān shì lì/li
中国软件,600536,zhōn uó ruǎn jiàn
海通集团,600537,hǎi tōng jí qiú
*ST国发,600538,* S T uó fā
狮头股份,600539,shī tóu 括 bīn
新赛股份,600540,xīn sài 括 bīn
莫高股份,600543,mò 括o 括 bīn
新疆城建,600545,xīn jiān chén jiàn
山煤国际,600546,shān méi uó jì
山东黄金,600547,shān dōn huán jīn
深高速,600548,shēn 括o sù
厦门钨业,600549,shà mén wū yè
天威保变,600550,tiān wēi bǎo biàn
时代出版,600551,shí dài chū bǎn
方兴科技,600552,fān xīng kē jì
九龙山,600555,jiū lón shān
康缘药业,600557,kān yuán yào yè
大西洋,600558,dà xī xián
老白干酒,600559,lǎo bái àn jiǔ
金自天正,600560,jīn zì tiān zhēn
江西长运,600561,jiān xī chán yǔn
*ST高陶,600562,* S T 括o dào
法拉电子,600563,fǎ lā/lá/lǎ/là diàn zǐ
迪马股份,600565,dí mǎ 括 bīn
洪城股份,600566,hón chén 括 bīn
山鹰纸业,600567,shān yīng zhǐ yè
中珠控股,600568,zhōn zhū kōn 括
安阳钢铁,600569,ān yán 括n tiě
恒生电子,600570,hén shēn diàn zǐ
信雅达,600571,shēn yā dá
康恩贝,600572,kān ēn bèi
惠泉啤酒,600573,huì quán pí jiǔ
芜湖港,600575,wú hú 括n
万好万家,600576,mò hāo mò 括
精达股份,600577,jīng dá 括 bīn
京能热电,600578,jīn nái rè diàn
ST黄海,600579,S T huán hǎi
卧龙电气,600580,wò lón diàn qǐ
八一钢铁,600581,bā yī 括n tiě
天地科技,600582,tiān de kē jì
海油工程,600583,hǎi yóu 括n chén
长电科技,600584,chán diàn kē jì
海螺水泥,600585,hǎi luó shuǐ ní/nì
金晶科技,600586,jīn jīn kē jì
新华医疗,600587,xīn huá yī liáo
用友软件,600588,yòng yǒu ruǎn jiàn
广东榕泰,600589,ān dōn róng tài
泰豪科技,600590,tài háo kē jì
龙溪股份,600592,lón qī 括 bīn
大连圣亚,600593,dà lián kū yà
益佰制药,600594,yì bǎi zhì yào
中孚实业,600595,zhōn fú shí yè
新安股份,600596,xīn ān 括 bīn
光明乳业,600597,uān mèn rǔ yè
北大荒,600598,běi dà huān
熊猫烟花,600599,xióng māo yān huā
青岛啤酒,600600,jīn dǎo pí jiǔ
方正科技,600601,fān zhēn kē jì
广电电子,600602,ān diàn diàn zǐ
ST二纺,600604,S T èr fǎn
汇通能源,600605,huì tōng nái yuán
金丰投资,600606,jīn fēn dòu zī
*ST沪科,600608,* S T hù kē
*ST金杯,600609,* S T jīn bēi
SST中纺,600610,S S T zhōn fǎn
大众交通,600611,dà yín jiāo tōng
老凤祥,600612,lǎo fèn xiáng
永生投资,600613,yǒng shēn dòu zī
鼎立股份,600614,dǐn lì 括 bīn
丰华股份,600615,fēn huá 括 bīn
金枫酒业,600616,jīn fēn jiǔ yè
*ST联华,600617,* S T lián huá
氯碱化工,600618,lǜ jiǎn huā 括n
海立股份,600619,hǎi lì 括 bīn
天宸股份,600620,tiān chén 括 bīn
上海金陵,600621,shǎn hǎi jīn líng
嘉宝集团,600622,jiā bǎo jí qiú
双钱股份,600623,shuān qián 括 bīn
复旦复华,600624,fù dàn fù huá
申达股份,600626,shēn dá 括 bīn
新世界,600628,xīn shì jiè
棱光实业,600629,chēn uān shí yè
龙头股份,600630,lón tóu 括 bīn
百联股份,600631,bǎi lián 括 bīn
*ST海鸟,600634,* S T hǎi diǎo
大众公用,600635,dà yín 括n yòng
三爱富,600636,sān ài fù
广电信息,600637,ān diàn shēn xī
新黄浦,600638,xīn huán pǔ
浦东金桥,600639,pǔ dōn jīn qiáo
中卫国脉,600640,zhōn wèi uó mài
万业企业,600641,mò yè qǐ yè
申能股份,600642,shēn nái 括 bīn
爱建股份,600643,ài jiàn 括 bīn
乐山电力,600644,lè shān diàn lì/li
ST中源,600645,S T zhōn yuán
同达创业,600647,tóng dá chuān yè
外高桥,600648,wài 括o qiáo
城投控股,600649,chén dòu kōn 括
锦江投资,600650,jǐn jiān dòu zī
飞乐音响,600651,fēi lè yīn xiǎn
爱使股份,600652,ài shǐ 括 bīn
申华控股,600653,shēn huá kōn 括
飞乐股份,600654,fēi lè 括 bīn
豫园商城,600655,shū wán shān chén
ST方源,600656,S T fān yuán
信达地产,600657,shēn dá de chǎn
电子城,600658,diàn zǐ chén
福耀玻璃,600660,fú yào bō lí
新南洋,600661,xīn nā xián
强生控股,600662,jiàn shēn kōn 括
陆家嘴,600663,liù 括 zuǐ
哈药股份,600664,hā yào 括 bīn
天地源,600665,tiān de yuán
西南药业,600666,xī nā yào yè
太极实业,600667,tā jí shí yè
尖峰集团,600668,jiān fēn jí qiú
天目药业,600671,tiān mù yào yè
东阳光铝,600673,dōn yán uān lǚ
川投能源,600674,chuān dòu nái yuán
中华企业,600675,zhōn huá qǐ yè
交运股份,600676,jiāo yǔn 括 bīn
航天通信,600677,hán tiān tōng shēn
*ST金顶,600678,* S T jīn dǐn
金山开发,600679,jīn shān kāi fā
上海普天,600680,shǎn hǎi pǔ tiān
南京新百,600682,nā jīn xīn bǎi
京投银泰,600683,jīn dòu yín tài
珠江实业,600684,zhū jiān shí yè
广船国际,600685,ān chuán uó jì
金龙汽车,600686,jīn lón 括i chē
刚泰控股,600687,括n tài kōn 括
S上石化,600688,S shǎn dàn huā
上海三毛,600689,shǎn hǎi sān máo
青岛海尔,600690,jīn dǎo hǎi ěr
*ST东碳,600691,* S T dōn tàn
亚通股份,600692,yà tōng 括 bīn
东百集团,600693,dōn bǎi jí qiú
大商股份,600694,dà shān 括 bīn
大江股份,600695,dà jiān 括 bīn
多伦股份,600696,duō lún 括 bīn
欧亚集团,600697,ōu yà jí qiú
ST轻骑,600698,S T qīng qí
*ST得亨,600699,* S T dé hēn
工大高新,600701,括n dà 括o xīn
沱牌曲酒,600702,chí pái qū jiǔ
三安光电,600703,sān ān uān diàn
中大股份,600704,zhōn dà 括 bīn
ST长信,600706,S T chán shēn
彩虹股份,600707,cǎi 括n 括 bīn
海博股份,600708,hǎi bó 括 bīn
常林股份,600710,chán lín 括 bīn
雄震矿业,600711,xióng shēn kuàn yè
南宁百货,600712,nā nín bǎi huò
南京医药,600713,nā jīn yī yào
ST金瑞,600714,S T jīn ruì
ST松辽,600715,S T sōng liáo
凤凰股份,600716,fèn huán 括 bīn
天津港,600717,tiān jīn 括n
东软集团,600718,dōn ruǎn jí qiú
大连热电,600719,dà lián rè diàn
祁连山,600720,qí lián shān
ST百花,600721,S T bǎi huā
*ST金化,600722,* S T jīn huā
西单商场,600723,xī chán shān chán
宁波富达,600724,nín bēi fù dá
云维股份,600725,yún wéi 括 bīn
华电能源,600726,huá diàn nái yuán
ST新太,600728,S T xīn tā
重庆百货,600729,chón qìng bǎi huò
中国高科,600730,zhōn uó 括o kē
湖南海利,600731,hú nā hǎi lì
上海新梅,600732,shǎn hǎi xīn méi
S前锋,600733,S jiǎn fēn
实达集团,600734,shí dá jí qiú
新华锦,600735,xīn huá jǐn
苏州高新,600736,sū zhōu 括o xīn
中粮屯河,600737,zhōn lián tùn hé
兰州民百,600738,lán zhōu mín bǎi
辽宁成大,600739,liáo nín chén dà
*ST山焦,600740,* S T shān jiāo
华域汽车,600741,huá yù 括i chē
一汽富维,600742,yī 括i fù wéi
华远地产,600743,huá yuǎn de chǎn
华银电力,600744,huá yín diàn lì/li
中茵股份,600745,zhōn yīn 括 bīn
江苏索普,600746,jiān sū suǒ/suo pǔ
大连控股,600747,dà lián kōn 括
上实发展,600748,shǎn shí fā zhǎn
西藏旅游,600749,xī cán lǚ liú
江中药业,600750,jiān zhōn yào yè
SST天海,600751,S S T tiān hǎi
东方银星,600753,dōn fān yín xīng
锦江股份,600754,jǐn jiān 括 bīn
厦门国贸,600755,shà mén uó mào
浪潮软件,600756,làng cháo ruǎn jiàn
*ST源发,600757,* S T yuán fā
红阳能源,600758,括n yán nái yuán
正和股份,600759,zhēn hé 括 bīn
中航黑豹,600760,zhōn hán hēi bào
安徽合力,600761,ān huī 括 lì/li
通策医疗,600763,tōng cè yī liáo
中电广通,600764,zhōn diàn ān tōng
中航重机,600765,zhōn hán chón jī
园城股份,600766,wán chén 括 bīn
运盛实业,600767,yǔn chén shí yè
宁波富邦,600768,nín bēi fù bān
*ST祥龙,600769,* S T xiáng lón
综艺股份,600770,zèn yì 括 bīn
ST东盛,600771,S T dōn chén
西藏城投,600773,xī cán chén dòu
汉商集团,600774,hàn shān jí qiú
南京熊猫,600775,nā jīn xióng māo
东方通信,600776,dōn fān tōng shēn
新潮实业,600777,xīn cháo shí yè
友好集团,600778,yǒu hāo jí qiú
水井坊,600779,shuǐ jǐn fān
通宝能源,600780,tōng bǎo nái yuán
上海辅仁,600781,shǎn hǎi fǔ rén
新钢股份,600782,xīn 括n 括 bīn
鲁信高新,600783,lǔ shēn 括o xīn
鲁银投资,600784,lǔ yín dòu zī
新华百货,600785,xīn huá bǎi huò
中储股份,600787,zhōn chǔ 括 bīn
鲁抗医药,600789,lǔ 括n yī yào
轻纺城,600790,qīng fǎn chén
京能置业,600791,jīn nái zhì yè
ST马龙,600792,S T mǎ lón
ST宜纸,600793,S T yí zhǐ
保税科技,600794,bǎo shuì kē jì
国电电力,600795,uó diàn diàn lì/li
钱江生化,600796,qián jiān shēn huā
浙大网新,600797,zhè dà wǎn xīn
宁波海运,600798,nín bēi hǎi yǔn
ST磁卡,600800,S T cí kǎ
华新水泥,600801,huá xīn shuǐ ní/nì
福建水泥,600802,fú jiàn shuǐ ní/nì
威远生化,600803,wēi yuǎn shēn huā
鹏博士,600804,pén bó shì
悦达投资,600805,yuè dá dòu zī
昆明机床,600806,hún mèn jī chuán
天业股份,600807,tiān yè 括 bīn
马钢股份,600808,mǎ 括n 括 bīn
山西汾酒,600809,shān xī fēn jiǔ
神马股份,600810,shén mǎ 括 bīn
东方集团,600811,dōn fān jí qiú
华北制药,600812,huá běi zhì yào
杭州解百,600814,hán zhōu jiě bǎi
厦工股份,600815,shà 括n 括 bīn
安信信托,600816,ān shēn shēn tuō
中路股份,600818,zhōn lù 括 bīn
耀皮玻璃,600819,yào pí bō lí
隧道股份,600820,suì dǎo 括 bīn
津劝业,600821,jīn quàn yè
上海物贸,600822,shǎn hǎi wù mào
世茂股份,600823,shì mào 括 bīn
益民集团,600824,yì mín jí qiú
新华传媒,600825,xīn huá chuán méi
兰生股份,600826,lán shēn 括 bīn
友谊股份,600827,yǒu yì 括 bīn
成商集团,600828,chén shān jí qiú
三精制药,600829,sān jīng zhì yào
香溢融通,600830,xiān yì róng tōng
广电网络,600831,ān diàn wǎn lào
东方明珠,600832,dōn fān mèn zhū
第一医药,600833,dì yī yī yào
申通地铁,600834,shēn tōng de tiě
上海机电,600835,shǎn hǎi jī diàn
界龙实业,600836,jiè lón shí yè
海通证券,600837,hǎi tōng zhèn quàn
上海九百,600838,shǎn hǎi jiū bǎi
四川长虹,600839,sì chuān chán 括n
上柴股份,600841,shǎn chái 括 bīn
上工申贝,600843,shǎn 括n shēn bèi
丹化科技,600844,dān/dan huā kē jì
宝信软件,600845,bǎo shēn ruǎn jiàn
同济科技,600846,tóng jǐ kē jì
ST渝万里,600847,S T yū mò lǐ/li
自仪股份,600848,zì yí 括 bīn
华东电脑,600850,huá dōn diàn nǎo
海欣股份,600851,hǎi xīn 括 bīn
龙建股份,600853,lón jiàn 括 bīn
ST春兰,600854,S T chūn lán
航天长峰,600855,hán tiān chán fēn
长百集团,600856,chán bǎi jí qiú
工大首创,600857,括n dà shǒu chuān
银座股份,600858,yín zuò 括 bīn
王府井,600859,wán fǔ jǐn
*ST北人,600860,* S T běi rén
北京城乡,600861,běi jīn chén xiān
南通科技,600862,nā tōng kē jì
内蒙华电,600863,nà mēn huá diàn
哈投股份,600864,hā dòu 括 bīn
百大集团,600865,bǎi dà jí qiú
星湖科技,600866,xīng hú kē jì
通化东宝,600867,tōng huā dōn bǎo
ST梅雁,600868,S T méi yàn
三普药业,600869,sān pǔ yào yè
ST厦华,600870,S T shà huá
S仪化,600871,S yí huā
中炬高新,600872,zhōn jù 括o xīn
五洲明珠,600873,wǔ zhōu mèn zhū
创业环保,600874,chuān yè huán bǎo
东方电气,600875,dōn fān diàn qǐ
ST洛玻,600876,S T luò bō
中国嘉陵,600877,zhōn uó jiā líng
航天电子,600879,hán tiān diàn zǐ
博瑞传播,600880,bó ruì chuán bō
亚泰集团,600881,yà tài jí qiú
大成股份,600882,dà chén 括 bīn
博闻科技,600883,bó wén kē jì
杉杉股份,600884,shā shā 括 bīn
*ST力阳,600885,* S T lì/li yán
国投电力,600886,uó dòu diàn lì/li
伊利股份,600887,yī lì 括 bīn
新疆众和,600888,xīn jiān yín hé
南京化纤,600889,nā jīn huā qiàn
ST中房,600890,S T zhōn fán
ST秋林,600891,S T qiū lín
*ST宝诚,600892,* S T bǎo chén
航空动力,600893,hán kōn dòn lì/li
广钢股份,600894,ān 括n 括 bīn
张江高科,600895,zhān jiān 括o kē
中海海盛,600896,zhōn hǎi hǎi chén
厦门空港,600897,shà mén kōn 括n
长江电力,600900,chán jiān diàn lì/li
滨州活塞,600960,bīn zhōu uō sāi/sè/sài
株冶集团,600961,zhū yě jí qiú
国投中鲁,600962,uó dòu zhōn lǔ
岳阳纸业,600963,yuè yán zhǐ yè
福成五丰,600965,fú chén wǔ fēn
博汇纸业,600966,bó huì zhǐ yè
北方创业,600967,běi fān chuān yè
郴电国际,600969,chēn diàn uó jì
中材国际,600970,zhōn cái uó jì
恒源煤电,600971,hén yuán méi diàn
宝胜股份,600973,bǎo qìng 括 bīn
新五丰,600975,xīn wǔ fēn
武汉健民,600976,wǔ hàn jiàn mín
宜华木业,600978,yí huá mù yè
广安爱众,600979,ān ān ài yín
北矿磁材,600980,běi kuàn cí cái
江苏开元,600981,jiān sū kāi yuán
宁波热电,600982,nín bēi rè diàn
合肥三洋,600983,括 bǐ sān xián
*ST建机,600984,* S T jiàn jī
雷鸣科化,600985,léi mín kē huā
科达股份,600986,kē dá 括 bīn
航民股份,600987,hán mín 括 bīn
*ST宝龙,600988,* S T bǎo lón
四创电子,600990,sì chuān diàn zǐ
广汽长丰,600991,ān 括i chán fēn
贵绳股份,600992,uì shén 括 bīn
马应龙,600993,mǎ yīng lón
文山电力,600995,wén shān diàn lì/li
开滦股份,600997,kāi luán 括 bīn
九州通,600998,jiū zhōu tōng
招商证券,600999,qiáo shān zhèn quàn
唐山港,601000,tán shān 括n
大同煤业,601001,dà tóng méi yè
晋亿实业,601002,jìn yì shí yè
柳钢股份,601003,liǔ 括n 括 bīn
重庆钢铁,601005,chón qìng 括n tiě
大秦铁路,601006,dà qín tiě lù
金陵饭店,601007,jīn líng fàn diàn
连云港,601008,lián yún 括n
南京银行,601009,nā jīn yín háng
宝泰隆,601011,bǎo tài lóng/lōng
宁波港,601018,nín bēi 括n
中国神华,601088,zhōn uó shén huá
中南传媒,601098,zhōn nā chuán méi
太平洋,601099,tā bēn xián
昊华能源,601101,hào huá nái yuán
中国一重,601106,zhōn uó yī chón
四川成渝,601107,sì chuān chén yū
中国国航,601111,zhōn uó uó hán
三江购物,601116,sān jiān 括u wù
中国化学,601117,zhōn uó huā xué
海南橡胶,601118,hǎi nā xiàn jiāo
四方股份,601126,sì fān 括 bīn
博威合金,601137,bó wēi 括 jīn
深圳燃气,601139,shēn chóu rán qǐ
重庆水务,601158,chón qìng shuǐ wù
兴业银行,601166,xīng yè yín háng
西部矿业,601168,xī bù kuàn yè
北京银行,601169,běi jīn yín háng
杭齿前进,601177,hán chǐ jiǎn jìn
中国西电,601179,zhōn uó xī diàn
中国铁建,601186,zhōn uó tiě jiàn
龙江交通,601188,lón jiān jiāo tōng
内蒙君正,601216,nà mēn jūn zhēn
二重重装,601268,èr chón chón zhuān
农业银行,601288,nón yè yín háng
中国北车,601299,zhōn uó běi chē
中国平安,601318,zhōn uó bēn ān
交通银行,601328,jiāo tōng yín háng
广深铁路,601333,ān shēn tiě lù
陕鼓动力,601369,shǎn 括 dòn lì/li
兴业证券,601377,xīng yè zhèn quàn
中国中铁,601390,zhōn uó zhōn tiě
工商银行,601398,括n shān yín háng
吉林高速,601518,jí lín 括o sù
大智慧,601519,dà zhī huì
华锐风电,601558,huá ruì fēn diàn
北辰实业,601588,běi chén shí yè
中国铝业,601600,zhōn uó lǚ yè
中国太保,601601,zhōn uó tā bǎo
上海医药,601607,shǎn hǎi yī yào
广电电气,601616,ān diàn diàn qǐ
中国中冶,601618,zhōn uó zhōn yě
中国人寿,601628,zhōn uó rén shòu
平煤股份,601666,bēn méi 括 bīn
中国建筑,601668,zhōn uó jiàn zhú
DR滨化股,601678,D R bīn huā 括
华泰证券,601688,huá tài zhèn quàn
潞安环能,601699,lù ān huán nái
风范股份,601700,fēn fàn 括 bīn
郑煤机,601717,zhèn méi jī
际华集团,601718,jì huá jí qiú
上海电气,601727,shǎn hǎi diàn qǐ
中国南车,601766,zhōn uó nā chē
力帆股份,601777,lì/li fān 括 bīn
光大证券,601788,uān dà zhèn quàn
星宇股份,601799,xīng yǔ 括 bīn
皖新传媒,601801,huàn xīn chuán méi
中海油服,601808,zhōn hǎi yóu bì
光大银行,601818,uān dà yín háng
中国石油,601857,zhōn uó dàn yóu
中海集运,601866,zhōn hǎi jí yǔn
招商轮船,601872,qiáo shān lún chuán
正泰电器,601877,zhēn tài diàn qì
大连港,601880,dà lián 括n
中国国旅,601888,zhōn uó uó lǚ
亚星锚链,601890,yà xīng máo liàn
中煤能源,601898,zhōn méi nái yuán
紫金矿业,601899,zǐ jīn kuàn yè
国投新集,601918,uó dòu xīn jí
中国远洋,601919,zhōn uó yuǎn xián
永辉超市,601933,yǒng huī chāo fú
建设银行,601939,jiàn shè yín háng
金钼股份,601958,jīn mù 括 bīn
中国银行,601988,zhōn uó yín háng
中国重工,601989,zhōn uó chón 括n
大唐发电,601991,dà tán fā diàn
金隅股份,601992,jīn yú 括 bīn
中信银行,601998,zhōn shēn yín háng
出版传媒,601999,chū bǎn chuán méi
